polarization,negativity_momentum,negative_amplification,negative_influence,narrative_concentration,negative_user_concentration,negativity_persistence
0.0587569132881257,0.05855779550781169,0.09422342646188409,0.09463352663879325,0.3579619191823294,0.2773086234132442,0.05855779550781169
